order_id;customer_code;customer;city;product;order_date;quantity;unit_price;discount_pct;paid;notes
1001;01250;Panadería La Espiga;Mendoza;Webcam HD;14/06/2025;4;273.008,31;;true;"Pago en dos cuotas; revisar"
1002;00008;Kiosco 24;Rosario;"Monitor 27""";14/01/2025;2;309.219,67;;true;"Pago en dos cuotas; revisar"
1003;04471;Vivero Los Ceibos;Santa Fe;Webcam HD;09/09/2025;9;152.266,66;;true;Entrega urgente
1004;00310;Librería Atenea;Buenos Aires;"Monitor 27""";24/05/2025;5;221.564,23;24,5;false;Retira en sucursal
1005;01250;Panadería La Espiga;Mendoza;"Monitor 27""";05/03/2025;7;8.976,31;;true;
1006;04471;Vivero Los Ceibos;Santa Fe;Mouse inalámbrico;14/09/2025;5;28.286,85;;false;"Pago en dos cuotas; revisar"
1007;01250;Panadería La Espiga;Mendoza;Teclado mecánico;17/09/2025;3;134.300,45;;true;Retira en sucursal
1008;01250;Panadería La Espiga;Mendoza;"Monitor 27""";15/02/2025;6;315.255,27;;true;Retira en sucursal
1009;00107;Ferretería El Tornillo;Córdoba;Webcam HD;10/06/2025;9;37.990,61;;true;
1010;04471;Vivero Los Ceibos;Santa Fe;Teclado mecánico;17/04/2025;12;406.988,57;6,7;true;
1011;00008;Kiosco 24;Rosario;Mouse inalámbrico;23/01/2025;11;225.926,82;11,8;true;"Pago en dos cuotas; revisar"
1012;00008;Kiosco 24;Rosario;Mouse inalámbrico;01/03/2025;3;415.562,71;;true;"Pago en dos cuotas; revisar"
1013;00042;Almacén Don Pepe;Rosario;Webcam HD;15/03/2025;9;179.355,32;;true;Entrega urgente
1014;00963;Óptica Mirar;La Plata;Mouse inalámbrico;11/07/2025;4;349.034,19;;false;
1015;00008;Kiosco 24;Rosario;"Monitor 27""";08/12/2025;9;378.940,13;21,7;true;Retira en sucursal
1016;01250;Panadería La Espiga;Mendoza;Silla ergonómica;26/04/2025;3;205.658,42;9,7;true;
1017;00107;Ferretería El Tornillo;Córdoba;"Notebook 14""";21/09/2025;8;191.659,87;;true;Cliente nuevo
1018;00008;Kiosco 24;Rosario;Silla ergonómica;02/03/2025;12;199.063,42;;false;"Pago en dos cuotas; revisar"
1019;04471;Vivero Los Ceibos;Santa Fe;"Monitor 27""";22/01/2025;4;360.852,98;;true;
1020;01250;Panadería La Espiga;Mendoza;"Monitor 27""";24/09/2025;12;140.308,03;;false;Entrega urgente
1021;00963;Óptica Mirar;La Plata;Webcam HD;23/03/2025;5;181.385,77;;true;Retira en sucursal
1022;00963;Óptica Mirar;La Plata;Silla ergonómica;19/10/2025;9;227.393,48;;false;
1023;01250;Panadería La Espiga;Mendoza;Teclado mecánico;18/08/2025;8;70.731,75;;true;
1024;00042;Almacén Don Pepe;Rosario;"Notebook 14""";10/12/2025;9;361.493,69;;true;Cliente nuevo
1025;00963;Óptica Mirar;La Plata;"Notebook 14""";26/05/2025;12;359.062,14;;true;Cliente nuevo
1026;00963;Óptica Mirar;La Plata;Mouse inalámbrico;25/07/2025;2;446.981,56;24;false;
1027;04471;Vivero Los Ceibos;Santa Fe;Webcam HD;16/01/2025;9;65.383,51;;false;
1028;00310;Librería Atenea;Buenos Aires;Silla ergonómica;28/03/2025;7;229.451,91;;true;Cliente nuevo
1029;00963;Óptica Mirar;La Plata;Silla ergonómica;14/12/2025;11;113.426,58;;false;
1030;01250;Panadería La Espiga;Mendoza;"Notebook 14""";03/06/2025;11;251.619,91;;true;
1031;00107;Ferretería El Tornillo;Córdoba;Silla ergonómica;15/06/2025;8;202.010,27;;true;
1032;00310;Librería Atenea;Buenos Aires;"Monitor 27""";17/10/2025;5;44.814,40;7,9;true;
1033;00963;Óptica Mirar;La Plata;Teclado mecánico;01/11/2025;8;290.656,71;;true;Cliente nuevo
1034;04471;Vivero Los Ceibos;Santa Fe;Silla ergonómica;02/12/2025;3;90.846,57;;false;Entrega urgente
1035;02005;Bicicletería Pedal;Salta;Webcam HD;10/03/2025;12;274.099,46;;true;
1036;00008;Kiosco 24;Rosario;"Notebook 14""";16/05/2025;12;196.951,75;;false;
1037;04471;Vivero Los Ceibos;Santa Fe;Webcam HD;08/11/2025;12;319.416,63;;true;"Pago en dos cuotas; revisar"
1038;02005;Bicicletería Pedal;Salta;"Notebook 14""";09/09/2025;1;372.865,58;;false;
1039;04471;Vivero Los Ceibos;Santa Fe;"Monitor 27""";06/12/2025;10;141.200,81;;false;
1040;02005;Bicicletería Pedal;Salta;Silla ergonómica;24/11/2025;5;90.985,86;23;true;"Pago en dos cuotas; revisar"
1041;00008;Kiosco 24;Rosario;Teclado mecánico;24/11/2025;3;228.415,94;22,8;true;Retira en sucursal
1042;00107;Ferretería El Tornillo;Córdoba;Teclado mecánico;09/07/2025;8;118.358,47;3,7;true;Entrega urgente
1043;01250;Panadería La Espiga;Mendoza;"Monitor 27""";06/03/2025;6;364.841,44;;false;
1044;00008;Kiosco 24;Rosario;Mouse inalámbrico;26/02/2025;11;295.355,76;;true;
1045;02005;Bicicletería Pedal;Salta;Teclado mecánico;07/08/2025;12;42.122,54;;true;
1046;02005;Bicicletería Pedal;Salta;"Notebook 14""";26/11/2025;9;383.342,38;;true;
1047;00963;Óptica Mirar;La Plata;"Notebook 14""";27/06/2025;3;478.978,75;;true;
1048;02005;Bicicletería Pedal;Salta;"Notebook 14""";24/08/2025;4;453.801,37;10,1;false;
1049;00008;Kiosco 24;Rosario;Webcam HD;25/08/2025;5;415.650,22;9,4;true;
1050;00042;Almacén Don Pepe;Rosario;Webcam HD;06/12/2025;12;439.346,21;;true;
1051;00963;Óptica Mirar;La Plata;"Notebook 14""";10/11/2025;10;222.895,57;;false;"Pago en dos cuotas; revisar"
1052;00008;Kiosco 24;Rosario;"Notebook 14""";13/06/2025;10;266.042,18;;false;
1053;01250;Panadería La Espiga;Mendoza;"Notebook 14""";20/09/2025;7;341.685,53;;true;"Pago en dos cuotas; revisar"
1054;04471;Vivero Los Ceibos;Santa Fe;"Notebook 14""";11/04/2025;8;336.805,69;;false;Retira en sucursal
1055;00310;Librería Atenea;Buenos Aires;Mouse inalámbrico;03/05/2025;10;40.607,74;;true;
1056;00008;Kiosco 24;Rosario;"Monitor 27""";23/04/2025;11;361.835,16;;true;Cliente nuevo
1057;01250;Panadería La Espiga;Mendoza;Webcam HD;15/12/2025;8;127.793,23;;false;
1058;01250;Panadería La Espiga;Mendoza;Webcam HD;14/08/2025;12;294.488,14;;true;
1059;04471;Vivero Los Ceibos;Santa Fe;Webcam HD;11/12/2025;1;311.273,64;0,4;false;Entrega urgente
1060;02005;Bicicletería Pedal;Salta;"Notebook 14""";09/10/2025;10;455.159,60;;true;Entrega urgente
1061;04471;Vivero Los Ceibos;Santa Fe;"Notebook 14""";24/11/2025;12;459.351,35;;true;Entrega urgente
1062;00310;Librería Atenea;Buenos Aires;Mouse inalámbrico;21/05/2025;6;85.152,96;22,4;false;
1063;00963;Óptica Mirar;La Plata;"Monitor 27""";22/02/2025;5;109.564,57;;true;Retira en sucursal
1064;02005;Bicicletería Pedal;Salta;Mouse inalámbrico;18/09/2025;4;256.685,53;;true;Retira en sucursal
1065;00963;Óptica Mirar;La Plata;Silla ergonómica;20/10/2025;1;129.933,17;;true;"Pago en dos cuotas; revisar"
1066;00310;Librería Atenea;Buenos Aires;Teclado mecánico;08/02/2025;6;427.224,39;9,4;false;Cliente nuevo
1067;01250;Panadería La Espiga;Mendoza;Webcam HD;16/12/2025;4;420.288,93;;true;Cliente nuevo
1068;00963;Óptica Mirar;La Plata;Webcam HD;10/07/2025;8;381.999,65;;true;Retira en sucursal
1069;00008;Kiosco 24;Rosario;Teclado mecánico;21/03/2025;6;385.965,78;18,2;false;
1070;00963;Óptica Mirar;La Plata;Mouse inalámbrico;08/02/2025;7;104.222,88;;true;
1071;00963;Óptica Mirar;La Plata;Mouse inalámbrico;26/12/2025;6;229.653,67;;true;
1072;00042;Almacén Don Pepe;Rosario;Silla ergonómica;10/07/2025;3;310.076,54;;true;Cliente nuevo
1073;00107;Ferretería El Tornillo;Córdoba;Mouse inalámbrico;13/02/2025;8;231.680,67;;false;
1074;00107;Ferretería El Tornillo;Córdoba;Silla ergonómica;03/06/2025;6;196.174,51;;true;Entrega urgente
1075;00107;Ferretería El Tornillo;Córdoba;"Monitor 27""";07/09/2025;7;335.112,75;;false;
1076;00107;Ferretería El Tornillo;Córdoba;Teclado mecánico;21/10/2025;3;163.432,54;12,9;false;
1077;02005;Bicicletería Pedal;Salta;"Monitor 27""";07/04/2025;12;240.679,17;;false;"Pago en dos cuotas; revisar"
1078;00107;Ferretería El Tornillo;Córdoba;"Monitor 27""";06/12/2025;6;287.037,90;15;false;
1079;02005;Bicicletería Pedal;Salta;Mouse inalámbrico;14/12/2025;3;440.442,19;15,1;true;"Pago en dos cuotas; revisar"
1080;02005;Bicicletería Pedal;Salta;"Monitor 27""";19/09/2025;4;338.370,72;;false;Entrega urgente
1081;02005;Bicicletería Pedal;Salta;"Notebook 14""";18/06/2025;10;46.591,86;;true;Cliente nuevo
1082;00310;Librería Atenea;Buenos Aires;Teclado mecánico;10/11/2025;12;147.776,00;;true;Retira en sucursal
1083;00963;Óptica Mirar;La Plata;Mouse inalámbrico;26/02/2025;2;172.145,12;;true;
1084;00042;Almacén Don Pepe;Rosario;Webcam HD;18/04/2025;7;367.618,65;14,6;true;
1085;01250;Panadería La Espiga;Mendoza;"Notebook 14""";13/08/2025;4;218.219,93;;true;Cliente nuevo
1086;04471;Vivero Los Ceibos;Santa Fe;Webcam HD;07/04/2025;10;424.120,51;;false;Entrega urgente
1087;00008;Kiosco 24;Rosario;Webcam HD;11/01/2025;3;439.634,00;;true;
1088;04471;Vivero Los Ceibos;Santa Fe;"Notebook 14""";24/05/2025;9;175.406,42;;true;Retira en sucursal
1089;00963;Óptica Mirar;La Plata;Teclado mecánico;15/02/2025;4;471.807,06;;false;Entrega urgente
1090;01250;Panadería La Espiga;Mendoza;Silla ergonómica;11/02/2025;5;409.476,73;;true;
1091;00107;Ferretería El Tornillo;Córdoba;Silla ergonómica;23/10/2025;2;110.632,53;;true;"Pago en dos cuotas; revisar"
1092;00963;Óptica Mirar;La Plata;"Monitor 27""";09/06/2025;11;355.018,10;;true;Cliente nuevo
1093;00310;Librería Atenea;Buenos Aires;Mouse inalámbrico;01/07/2025;12;184.249,16;8,6;false;
1094;00310;Librería Atenea;Buenos Aires;"Notebook 14""";09/09/2025;9;57.002,63;;true;Entrega urgente
1095;01250;Panadería La Espiga;Mendoza;Webcam HD;14/10/2025;8;466.227,21;20,1;false;Cliente nuevo
1096;00963;Óptica Mirar;La Plata;"Monitor 27""";28/05/2025;7;259.024,41;15,1;true;
1097;02005;Bicicletería Pedal;Salta;Mouse inalámbrico;26/07/2025;2;262.573,79;0,3;true;
1098;00042;Almacén Don Pepe;Rosario;"Notebook 14""";05/03/2025;2;283.409,86;;false;
1099;02005;Bicicletería Pedal;Salta;Mouse inalámbrico;03/03/2025;3;391.016,93;16;true;Retira en sucursal
1100;04471;Vivero Los Ceibos;Santa Fe;"Monitor 27""";09/12/2025;5;446.900,74;0;true;
1101;00008;Kiosco 24;Rosario;Mouse inalámbrico;26/07/2025;2;311.782,77;;true;"Pago en dos cuotas; revisar"
1102;01250;Panadería La Espiga;Mendoza;Mouse inalámbrico;07/06/2025;1;453.212,95;6,2;true;
1103;00008;Kiosco 24;Rosario;Webcam HD;22/06/2025;5;440.374,53;;true;
1104;04471;Vivero Los Ceibos;Santa Fe;Teclado mecánico;02/12/2025;1;389.903,49;12,7;true;
1105;00310;Librería Atenea;Buenos Aires;Silla ergonómica;28/03/2025;10;426.119,18;;true;Entrega urgente
1106;00963;Óptica Mirar;La Plata;Silla ergonómica;08/07/2025;10;273.517,20;;true;Retira en sucursal
1107;04471;Vivero Los Ceibos;Santa Fe;Mouse inalámbrico;07/09/2025;5;354.971,46;;true;Retira en sucursal
1108;02005;Bicicletería Pedal;Salta;"Notebook 14""";14/06/2025;7;166.213,20;;false;"Pago en dos cuotas; revisar"
1109;02005;Bicicletería Pedal;Salta;Silla ergonómica;15/02/2025;2;56.222,79;;false;Entrega urgente
1110;00008;Kiosco 24;Rosario;Silla ergonómica;18/07/2025;4;104.181,71;;true;
1111;00310;Librería Atenea;Buenos Aires;Teclado mecánico;08/03/2025;4;132.711,26;;false;
1112;02005;Bicicletería Pedal;Salta;Webcam HD;03/11/2025;2;307.984,15;;true;Cliente nuevo
1113;00310;Librería Atenea;Buenos Aires;"Notebook 14""";07/02/2025;5;279.625,85;;true;Cliente nuevo
1114;00107;Ferretería El Tornillo;Córdoba;Teclado mecánico;19/03/2025;7;308.605,49;23,6;true;"Pago en dos cuotas; revisar"
1115;02005;Bicicletería Pedal;Salta;"Monitor 27""";15/05/2025;7;307.480,20;13,5;false;Retira en sucursal
1116;00008;Kiosco 24;Rosario;Mouse inalámbrico;23/12/2025;6;264.304,03;;true;Retira en sucursal
1117;04471;Vivero Los Ceibos;Santa Fe;Webcam HD;08/06/2025;11;335.760,32;;true;Entrega urgente
1118;00008;Kiosco 24;Rosario;Webcam HD;22/10/2025;4;260.455,53;22,2;false;
1119;00042;Almacén Don Pepe;Rosario;Mouse inalámbrico;15/06/2025;4;282.502,77;;true;
1120;02005;Bicicletería Pedal;Salta;Teclado mecánico;14/12/2025;1;241.906,80;;true;"Pago en dos cuotas; revisar"
1121;04471;Vivero Los Ceibos;Santa Fe;Mouse inalámbrico;23/01/2025;5;64.624,12;;true;
1122;00042;Almacén Don Pepe;Rosario;Mouse inalámbrico;26/07/2025;6;68.749,85;;true;
1123;01250;Panadería La Espiga;Mendoza;"Notebook 14""";28/03/2025;9;473.152,79;8;true;Entrega urgente
1124;00042;Almacén Don Pepe;Rosario;"Monitor 27""";21/04/2025;9;19.530,37;8,1;false;Entrega urgente
1125;01250;Panadería La Espiga;Mendoza;Mouse inalámbrico;07/01/2025;5;426.442,10;;true;
1126;00042;Almacén Don Pepe;Rosario;Webcam HD;07/06/2025;7;456.513,16;;false;"Pago en dos cuotas; revisar"
1127;01250;Panadería La Espiga;Mendoza;Mouse inalámbrico;24/08/2025;9;83.199,53;16,6;false;
1128;04471;Vivero Los Ceibos;Santa Fe;Mouse inalámbrico;15/07/2025;7;81.203,14;8,1;true;Entrega urgente
1129;02005;Bicicletería Pedal;Salta;Mouse inalámbrico;25/07/2025;6;453.705,78;;true;"Pago en dos cuotas; revisar"
1130;01250;Panadería La Espiga;Mendoza;Silla ergonómica;13/12/2025;6;45.548,44;;true;Entrega urgente
1131;00963;Óptica Mirar;La Plata;"Notebook 14""";18/05/2025;3;464.146,98;8;true;Retira en sucursal
1132;00310;Librería Atenea;Buenos Aires;"Notebook 14""";12/06/2025;5;218.793,81;;true;Cliente nuevo
1133;00008;Kiosco 24;Rosario;Teclado mecánico;05/04/2025;3;389.544,72;12,8;true;Retira en sucursal
1134;00107;Ferretería El Tornillo;Córdoba;Mouse inalámbrico;26/12/2025;11;180.665,31;;true;
1135;00042;Almacén Don Pepe;Rosario;"Notebook 14""";19/01/2025;6;127.117,90;;false;Cliente nuevo
1136;01250;Panadería La Espiga;Mendoza;Mouse inalámbrico;18/12/2025;5;139.259,34;;true;
1137;04471;Vivero Los Ceibos;Santa Fe;"Notebook 14""";23/04/2025;1;443.271,53;;true;Entrega urgente
1138;00042;Almacén Don Pepe;Rosario;Silla ergonómica;04/05/2025;3;168.143,43;;true;Cliente nuevo
1139;02005;Bicicletería Pedal;Salta;Teclado mecánico;04/04/2025;4;137.136,30;;true;
1140;00963;Óptica Mirar;La Plata;"Notebook 14""";21/11/2025;12;36.273,11;22,3;true;Retira en sucursal
1141;00107;Ferretería El Tornillo;Córdoba;Mouse inalámbrico;03/10/2025;5;317.150,53;;true;
1142;00008;Kiosco 24;Rosario;Teclado mecánico;07/08/2025;7;480.167,77;18,9;true;
1143;02005;Bicicletería Pedal;Salta;Silla ergonómica;14/02/2025;11;90.053,84;12,4;true;Entrega urgente
1144;04471;Vivero Los Ceibos;Santa Fe;Teclado mecánico;15/11/2025;1;36.724,22;22,8;true;Retira en sucursal
1145;02005;Bicicletería Pedal;Salta;"Notebook 14""";22/10/2025;1;276.033,63;;true;"Pago en dos cuotas; revisar"
1146;00008;Kiosco 24;Rosario;Mouse inalámbrico;12/03/2025;10;454.775,35;;true;Entrega urgente
1147;01250;Panadería La Espiga;Mendoza;Mouse inalámbrico;03/11/2025;4;356.229,64;;false;"Pago en dos cuotas; revisar"
1148;00042;Almacén Don Pepe;Rosario;Silla ergonómica;15/08/2025;5;355.120,03;;true;"Pago en dos cuotas; revisar"
1149;00107;Ferretería El Tornillo;Córdoba;"Notebook 14""";11/10/2025;11;42.128,50;19,9;true;
1150;01250;Panadería La Espiga;Mendoza;"Notebook 14""";16/02/2025;2;123.838,56;;true;"Pago en dos cuotas; revisar"
1151;04471;Vivero Los Ceibos;Santa Fe;Webcam HD;01/01/2025;9;358.485,94;;true;
1152;00310;Librería Atenea;Buenos Aires;Teclado mecánico;05/06/2025;3;246.159,09;;false;
1153;04471;Vivero Los Ceibos;Santa Fe;"Notebook 14""";18/10/2025;1;457.384,38;;true;Cliente nuevo
1154;00107;Ferretería El Tornillo;Córdoba;"Notebook 14""";20/07/2025;2;198.815,79;20,1;true;
1155;00310;Librería Atenea;Buenos Aires;Teclado mecánico;16/03/2025;4;351.339,08;;true;
1156;04471;Vivero Los Ceibos;Santa Fe;"Notebook 14""";03/07/2025;3;416.450,49;;true;
1157;00042;Almacén Don Pepe;Rosario;Mouse inalámbrico;26/11/2025;12;44.503,06;;true;
1158;04471;Vivero Los Ceibos;Santa Fe;Silla ergonómica;22/05/2025;12;474.831,57;;true;
1159;00042;Almacén Don Pepe;Rosario;Webcam HD;23/09/2025;5;105.053,48;;true;Entrega urgente
1160;04471;Vivero Los Ceibos;Santa Fe;"Notebook 14""";25/12/2025;11;5.922,98;;true;
1161;02005;Bicicletería Pedal;Salta;"Monitor 27""";14/10/2025;12;247.998,02;1,3;true;Entrega urgente
1162;02005;Bicicletería Pedal;Salta;Silla ergonómica;05/03/2025;4;320.202,38;;true;Retira en sucursal
1163;00008;Kiosco 24;Rosario;Silla ergonómica;03/11/2025;6;386.710,16;;true;
1164;02005;Bicicletería Pedal;Salta;Silla ergonómica;22/07/2025;8;32.164,02;2,2;true;Entrega urgente
1165;04471;Vivero Los Ceibos;Santa Fe;"Notebook 14""";01/04/2025;8;376.648,43;12,5;false;Retira en sucursal
1166;02005;Bicicletería Pedal;Salta;Silla ergonómica;05/09/2025;5;311.922,09;10,1;false;
1167;02005;Bicicletería Pedal;Salta;"Notebook 14""";02/10/2025;1;26.462,18;;true;
1168;01250;Panadería La Espiga;Mendoza;Teclado mecánico;22/11/2025;8;308.104,85;;true;
1169;00008;Kiosco 24;Rosario;Webcam HD;28/07/2025;6;309.370,06;;true;
1170;00042;Almacén Don Pepe;Rosario;Webcam HD;05/09/2025;12;172.517,20;;true;
1171;00963;Óptica Mirar;La Plata;"Notebook 14""";24/11/2025;7;322.967,64;;true;
1172;00963;Óptica Mirar;La Plata;Silla ergonómica;15/06/2025;10;408.359,86;;true;Retira en sucursal
1173;00042;Almacén Don Pepe;Rosario;"Monitor 27""";03/10/2025;8;475.279,27;5,3;false;
1174;00107;Ferretería El Tornillo;Córdoba;Webcam HD;21/04/2025;8;402.655,95;;true;"Pago en dos cuotas; revisar"
1175;00963;Óptica Mirar;La Plata;Webcam HD;12/09/2025;7;443.997,61;9,7;true;
1176;00310;Librería Atenea;Buenos Aires;Silla ergonómica;13/05/2025;4;237.471,77;;true;
1177;01250;Panadería La Espiga;Mendoza;"Monitor 27""";16/04/2025;5;237.509,96;6,3;false;Cliente nuevo
1178;00310;Librería Atenea;Buenos Aires;"Monitor 27""";07/04/2025;3;86.676,61;;false;
1179;00008;Kiosco 24;Rosario;Silla ergonómica;22/06/2025;8;317.853,32;;false;Entrega urgente
1180;02005;Bicicletería Pedal;Salta;Mouse inalámbrico;09/11/2025;4;14.247,25;;true;Cliente nuevo
1181;04471;Vivero Los Ceibos;Santa Fe;"Notebook 14""";09/12/2025;3;439.739,84;;false;
1182;00107;Ferretería El Tornillo;Córdoba;Mouse inalámbrico;04/05/2025;7;157.845,97;;false;Cliente nuevo
1183;00042;Almacén Don Pepe;Rosario;Silla ergonómica;24/08/2025;3;458.302,18;;true;"Pago en dos cuotas; revisar"
1184;00042;Almacén Don Pepe;Rosario;Teclado mecánico;25/12/2025;7;413.385,78;;true;Entrega urgente
1185;00042;Almacén Don Pepe;Rosario;"Monitor 27""";12/08/2025;8;42.437,08;;true;Retira en sucursal
1186;00107;Ferretería El Tornillo;Córdoba;"Notebook 14""";27/03/2025;3;59.184,76;;true;
1187;00963;Óptica Mirar;La Plata;"Notebook 14""";16/12/2025;5;261.656,34;;true;
1188;04471;Vivero Los Ceibos;Santa Fe;"Monitor 27""";03/04/2025;5;3.059,23;;false;Entrega urgente
1189;04471;Vivero Los Ceibos;Santa Fe;"Monitor 27""";03/02/2025;11;131.726,13;;true;
1190;00107;Ferretería El Tornillo;Córdoba;Teclado mecánico;01/04/2025;1;461.133,30;;true;Cliente nuevo
1191;00107;Ferretería El Tornillo;Córdoba;"Notebook 14""";02/05/2025;6;462.852,74;;false;
1192;00963;Óptica Mirar;La Plata;"Monitor 27""";05/09/2025;9;40.298,23;8,4;true;
1193;00963;Óptica Mirar;La Plata;Webcam HD;15/10/2025;11;399.468,28;;false;Entrega urgente
1194;02005;Bicicletería Pedal;Salta;Silla ergonómica;09/08/2025;4;85.950,91;;true;
1195;02005;Bicicletería Pedal;Salta;Mouse inalámbrico;14/12/2025;1;146.956,25;19,7;false;
1196;00107;Ferretería El Tornillo;Córdoba;Teclado mecánico;16/02/2025;4;304.245,61;;true;
1197;02005;Bicicletería Pedal;Salta;Webcam HD;19/11/2025;5;143.567,13;3,6;false;Entrega urgente
1198;00963;Óptica Mirar;La Plata;Silla ergonómica;21/12/2025;3;472.011,01;;true;
1199;04471;Vivero Los Ceibos;Santa Fe;Webcam HD;27/02/2025;5;223.719,43;;true;Entrega urgente
1200;00107;Ferretería El Tornillo;Córdoba;Mouse inalámbrico;16/10/2025;8;440.374,42;;true;Cliente nuevo
1201;00008;Kiosco 24;Rosario;"Notebook 14""";10/12/2025;6;357.754,94;8,5;true;Entrega urgente
1202;00963;Óptica Mirar;La Plata;"Notebook 14""";13/01/2025;11;182.144,22;;true;Cliente nuevo
1203;00310;Librería Atenea;Buenos Aires;Mouse inalámbrico;28/02/2025;9;256.765,44;;true;
1204;00963;Óptica Mirar;La Plata;Mouse inalámbrico;18/08/2025;4;349.099,65;;true;"Pago en dos cuotas; revisar"
1205;01250;Panadería La Espiga;Mendoza;Webcam HD;11/05/2025;11;106.767,56;0,5;true;Retira en sucursal
1206;02005;Bicicletería Pedal;Salta;Webcam HD;21/12/2025;11;299.526,28;;true;
1207;00008;Kiosco 24;Rosario;Webcam HD;21/06/2025;7;349.987,63;;false;Retira en sucursal
1208;00963;Óptica Mirar;La Plata;Webcam HD;01/01/2025;12;218.125,29;;true;
1209;00042;Almacén Don Pepe;Rosario;"Monitor 27""";28/03/2025;12;81.629,82;;true;"Pago en dos cuotas; revisar"
1210;02005;Bicicletería Pedal;Salta;Silla ergonómica;26/11/2025;10;359.084,27;19,3;false;"Pago en dos cuotas; revisar"
1211;00042;Almacén Don Pepe;Rosario;"Monitor 27""";10/12/2025;3;385.606,11;;false;"Pago en dos cuotas; revisar"
1212;00042;Almacén Don Pepe;Rosario;Silla ergonómica;27/07/2025;10;131.976,85;2,6;true;Cliente nuevo
1213;02005;Bicicletería Pedal;Salta;"Notebook 14""";09/08/2025;7;471.542,83;;false;"Pago en dos cuotas; revisar"
1214;00963;Óptica Mirar;La Plata;Teclado mecánico;07/06/2025;4;308.387,77;21,4;true;
1215;00008;Kiosco 24;Rosario;Teclado mecánico;01/07/2025;12;232.065,29;;true;Entrega urgente
1216;00963;Óptica Mirar;La Plata;Teclado mecánico;07/05/2025;11;309.565,47;8,1;true;Retira en sucursal
1217;04471;Vivero Los Ceibos;Santa Fe;"Notebook 14""";16/07/2025;9;230.727,42;;true;
1218;00008;Kiosco 24;Rosario;"Notebook 14""";11/05/2025;5;435.868,78;;true;
1219;00310;Librería Atenea;Buenos Aires;"Notebook 14""";16/03/2025;11;81.393,00;;false;
1220;04471;Vivero Los Ceibos;Santa Fe;Webcam HD;07/01/2025;11;73.819,80;;false;Entrega urgente
1221;01250;Panadería La Espiga;Mendoza;"Notebook 14""";02/11/2025;7;187.258,47;;true;"Pago en dos cuotas; revisar"
1222;00310;Librería Atenea;Buenos Aires;"Notebook 14""";22/11/2025;10;137.772,33;10,6;true;Retira en sucursal
1223;00008;Kiosco 24;Rosario;Mouse inalámbrico;24/07/2025;2;471.680,52;22,9;true;
1224;00008;Kiosco 24;Rosario;Mouse inalámbrico;15/10/2025;1;399.317,37;15,6;true;
1225;00042;Almacén Don Pepe;Rosario;"Monitor 27""";13/10/2025;12;312.371,81;;true;
1226;00963;Óptica Mirar;La Plata;Silla ergonómica;05/03/2025;2;198.922,10;;true;Cliente nuevo
1227;01250;Panadería La Espiga;Mendoza;Mouse inalámbrico;01/12/2025;12;459.291,82;15,8;true;
1228;01250;Panadería La Espiga;Mendoza;"Monitor 27""";09/12/2025;6;95.577,14;;false;Retira en sucursal
1229;00008;Kiosco 24;Rosario;Mouse inalámbrico;23/04/2025;10;316.830,41;;true;Entrega urgente
1230;00107;Ferretería El Tornillo;Córdoba;"Notebook 14""";27/10/2025;5;18.135,17;19,8;true;"Pago en dos cuotas; revisar"
1231;00310;Librería Atenea;Buenos Aires;Webcam HD;13/11/2025;6;115.977,53;;true;"Pago en dos cuotas; revisar"
1232;00310;Librería Atenea;Buenos Aires;Teclado mecánico;18/11/2025;8;217.621,97;4,3;true;
1233;02005;Bicicletería Pedal;Salta;Mouse inalámbrico;27/06/2025;7;386.368,69;;true;"Pago en dos cuotas; revisar"
1234;00107;Ferretería El Tornillo;Córdoba;"Notebook 14""";20/07/2025;6;467.337,51;13,5;true;Retira en sucursal
1235;00008;Kiosco 24;Rosario;"Notebook 14""";02/11/2025;12;356.078,10;1,7;true;"Pago en dos cuotas; revisar"
1236;02005;Bicicletería Pedal;Salta;Teclado mecánico;20/02/2025;11;419.333,71;;true;Cliente nuevo
1237;04471;Vivero Los Ceibos;Santa Fe;"Notebook 14""";20/05/2025;1;294.015,84;;true;"Pago en dos cuotas; revisar"
1238;00310;Librería Atenea;Buenos Aires;Webcam HD;27/05/2025;2;111.944,97;6,1;true;Cliente nuevo
1239;00008;Kiosco 24;Rosario;"Notebook 14""";01/05/2025;10;51.603,19;19;true;Cliente nuevo
1240;00008;Kiosco 24;Rosario;Teclado mecánico;03/12/2025;3;391.915,44;;false;
